{
  "qdrant": {
    "total_insertion_time": 646.9122502803802,
    "avg_insertion_time_per_tenant": 11.76219289779663,
    "total_query_time": 26.125786066055298,
    "avg_query_latency": 11.812836647033691,
    "min_query_latency": 5.020856857299805,
    "max_query_latency": 80.88994026184082,
    "std_query_latency": 5.4387741484416825,
    "avg_memory_mb": 672.822421875,
    "avg_cpu_percent": 2.849526198909008,
    "cross_tenant_leakage": 0,
    "total_queries": 500,
    "leakage_rate": 0.0
  },
  "weaviate": {
    "total_insertion_time": 831.1597981452942,
    "avg_insertion_time_per_tenant": 15.441262950897217,
    "total_query_time": 10.545832395553589,
    "avg_query_latency": 4.5944061279296875,
    "min_query_latency": 0.0,
    "max_query_latency": 32.64975547790527,
    "std_query_latency": 1.9520139426816416,
    "avg_memory_mb": 538.57390625,
    "avg_cpu_percent": 2.2048221360624463,
    "cross_tenant_leakage": 0,
    "total_queries": 500,
    "leakage_rate": 0.0
  },
  "chromadb": {
    "total_insertion_time": 528.6127603054047,
    "avg_insertion_time_per_tenant": 9.39455557346344,
    "total_query_time": 35.78332018852234,
    "avg_query_latency": 55.01323318481445,
    "min_query_latency": 0.0,
    "max_query_latency": 141.56413078308105,
    "std_query_latency": 20.590349807250035,
    "avg_memory_mb": 823.49875,
    "avg_cpu_percent": 0.0,
    "cross_tenant_leakage": 0,
    "total_queries": 500,
    "leakage_rate": 0.0
  }
}