{
  "qdrant": {
    "total_insertion_time": 677.5308575630188,
    "avg_insertion_time_per_tenant": 12.128717336654663,
    "total_query_time": 15.753280401229858,
    "avg_query_latency": 9.291500091552734,
    "min_query_latency": 1.7435550689697266,
    "max_query_latency": 31.011581420898438,
    "std_query_latency": 4.345691985521587,
    "avg_memory_mb": 924.885703125,
    "avg_cpu_percent": 1.7219594280410506,
    "cross_tenant_leakage": 0,
    "total_queries": 500,
    "leakage_rate": 0.0
  },
  "weaviate": {
    "total_insertion_time": 662.6962041854858,
    "avg_insertion_time_per_tenant": 11.858764963150024,
    "total_query_time": 12.311446905136108,
    "avg_query_latency": 5.273387908935547,
    "min_query_latency": 0.0,
    "max_query_latency": 16.191482543945312,
    "std_query_latency": 1.543849981772747,
    "avg_memory_mb": 847.533359375,
    "avg_cpu_percent": 1.9888211457867735,
    "cross_tenant_leakage": 0,
    "total_queries": 500,
    "leakage_rate": 0.0
  },
  "chromadb": {
    "total_insertion_time": 847.0148327350616,
    "avg_insertion_time_per_tenant": 13.094989986419678,
    "total_query_time": 38.785807847976685,
    "avg_query_latency": 56.84071969985962,
    "min_query_latency": 4.889965057373047,
    "max_query_latency": 183.5944652557373,
    "std_query_latency": 24.080489617178152,
    "avg_memory_mb": 1178.547265625,
    "avg_cpu_percent": 0.0,
    "cross_tenant_leakage": 0,
    "total_queries": 500,
    "leakage_rate": 0.0
  }
}